{"Cameroon": -56000.0, "Congo": -13800.0, "Djibouti": 40.000000000000014, "Ethiopia": -73000.0, "Malawi": -42000.0, "Mali": 0.0, "Mauritania": -5450.000000000002, "Niger": -12420.0, "Nigeria": -163300.0, "Senegal": -40000.0, "Somalia": -76750.0, "South Africa": -36400.000000000015, "Sudan": -170079.99999999994, "Tanzania": -469000.0, "Uganda": -41250.0, "Zimbabwe": -46070.0}