{"Botswana": 0.4140285, "Burkina Faso": 0.38369194, "Chad": 0.29978278, "Eswatini": 0.3725008, "Ethiopia": 0.38278484, "Lesotho": 0.4003926, "Malawi": 0.41324064, "Mali": 0.31826958, "Mauritania": 0.38154608, "Namibia": 0.44643754, "Niger": 0.31568518, "Nigeria": 0.36060983, "Rwanda": 0.37955275, "Senegal": 0.4201108, "South Africa": 0.4254534, "Sudan": 0.3774452, "Tanzania": 0.3898347, "Uganda": 0.38417658, "Zimbabwe": 0.4668931}