{"Cameroon": 4.69507, "Chad": 6.604942, "Congo": 3.1978867, "Djibouti": 4.5850834, "Eritrea": 2.8949606, "Eswatini": 4.1494938, "Ethiopia": 3.427482, "Lesotho": 5.6958305000000005, "Malawi": 3.1239012, "Mali": 6.1631397, "Mauritania": 3.2205006, "Namibia": 2.9383627000000003, "Niger": 5.9503544, "Nigeria": 7.058853000000001, "Rwanda": 2.9650745, "Senegal": 2.9135326, "Somalia": 7.1129555, "South Africa": 2.6427198, "Sudan": 3.8948050000000003, "Tanzania": 3.4112247000000004, "Uganda": 3.116781, "Zimbabwe": 3.5712997000000004}