{"Botswana": 1.40448, "Burkina Faso": 1.32378, "Chad": 1.39914, "Djibouti": 1.11344, "Eritrea": 1.36435, "Eswatini": 1.67637, "Ethiopia": 0.99352, "Lesotho": 2.23828, "Malawi": 1.20383, "Mali": 1.27394, "Mauritania": 0.89775, "Namibia": 1.22397, "Niger": 1.2638, "Nigeria": 1.14263, "Rwanda": 1.01699, "Senegal": 1.02099, "Somalia": 1.61903, "South Africa": 1.1348699999999998, "Sudan": 0.9360299999999999, "Tanzania": 1.0657999999999999, "Uganda": 1.12158, "Zimbabwe": 1.5059}