{"Botswana": [2.8314075, 1.40448], "Burkina Faso": [5.1773857, 1.32378], "Chad": [6.604942, 1.39914], "Djibouti": [4.5850834, 1.11344], "Eritrea": [2.8949606, 1.36435], "Eswatini": [4.1494938, 1.67637], "Ethiopia": [3.427482, 0.99352], "Lesotho": [5.6958305000000005, 2.23828], "Malawi": [3.1239012, 1.20383], "Mali": [6.1631397, 1.27394], "Mauritania": [3.2205006, 0.89775], "Namibia": [2.9383627000000003, 1.22397], "Niger": [5.9503544, 1.2638], "Nigeria": [7.058853000000001, 1.14263], "Rwanda": [2.9650745, 1.01699], "Senegal": [2.9135326, 1.02099], "Somalia": [7.1129555, 1.61903], "South Africa": [2.6427198, 1.1348699999999998], "Sudan": [3.8948050000000003, 0.9360299999999999], "Tanzania": [3.4112247000000004, 1.0657999999999999], "Uganda": [3.116781, 1.12158], "Zimbabwe": [3.5712997000000004, 1.5059]}