{"Cameroon_cropland-area_hdi": 0.9349243235818766, "Cameroon_gold-prod_hdi": 0.6333540946698792, "Cameroon_farea_hdi": 0.7612244610185042, "Chad_cropland-area_hdi": 0.936844311081786, "Congo_cropland-area_hdi": 0.8993477244769312, "Congo_farea_hdi": -0.7519353732898959, "Djibouti_cropland-area_hdi": 0.9503810158969416, "Djibouti_farea_hdi": 0.7049740287488253, "Eritrea_cropland-area_hdi": 0.8133555861759945, "Eritrea_gold-prod_hdi": 0.5275126268565669, "Ethiopia_cropland-area_hdi": 0.9808577661791708, "Ethiopia_gold-prod_hdi": -0.9687495707927596, "Malawi_cropland-area_hdi": 0.9518631259027879, "Mali_cropland-area_hdi": 0.9561814918436665, "Mali_gold-prod_hdi": 0.8176744635936487, "Mali_farea_hdi": 0.5782310061565064, "Mauritania_gold-prod_hdi": 0.7521995118318486, "Mauritania_farea_hdi": -0.6821539372917775, "Niger_cropland-area_hdi": 0.9604900568504693, "Niger_farea_hdi": 0.7555758656651782, "Nigeria_gold-prod_hdi": 0.9010173119260838, "Nigeria_farea_hdi": 0.9999999999999999, "Rwanda_cropland-area_hdi": 0.8949222274250984, "Senegal_gold-prod_hdi": 0.9149464623692015, "South Africa_cropland-area_hdi": -0.8316787279735595, "South Africa_gold-prod_hdi": -0.5946519462041485, "South Africa_farea_hdi": -0.9083809361473443, "Sudan_cropland-area_hdi": 0.8384374469594491, "Sudan_gold-prod_hdi": 0.905935760955303, "Tanzania_cropland-area_hdi": 0.9798263944308694, "Tanzania_gold-prod_hdi": 0.8360151539104044, "Tanzania_farea_hdi": -0.6884659425747006, "Uganda_cropland-area_hdi": 0.9899619659246659}