{"Cameroon_gold-prod_hdi": 0.6333540946698792, "Cameroon_deforestation_hdi": -0.7730949483419617, "Congo_deforestation_hdi": 0.7519353732898959, "Congo_deforestation_mort": -0.7026370138169846, "Djibouti_deforestation_hdi": 0.7049740287488253, "Djibouti_deforestation_mort": -0.8253171811553323, "Eritrea_gold-prod_hdi": 0.5275126268565669, "Ethiopia_gold-prod_hdi": -0.9687495707927596, "Ethiopia_gold-prod_mort": 0.9474831696539187, "Mali_gold-prod_ghi": -0.5216804965583697, "Mali_gold-prod_hdi": 0.8176744635936487, "Mali_gold-prod_mort": -0.7798552785287585, "Mali_deforestation_hdi": -0.5961256149521558, "Mali_deforestation_conflict-and-terror": 0.6578085471445078, "Mali_deforestation_mort": 0.6495460310021647, "Mauritania_gold-prod_ghi": -0.9341399654202158, "Mauritania_gold-prod_hdi": 0.7521995118318486, "Mauritania_gold-prod_mort": -0.7366536901022734, "Mauritania_deforestation_hdi": 0.9896989759038444, "Mauritania_deforestation_conflict-and-terror": -0.7769551052262269, "Mauritania_deforestation_mort": -0.9703987933905985, "Niger_gold-prod_mort": -0.5652375291307057, "Niger_deforestation_hdi": -0.7555758656651782, "Niger_deforestation_mort": 0.7980335230180269, "Nigeria_gold-prod_ghi": -0.6785511437439766, "Nigeria_gold-prod_hdi": 0.9010173119260838, "Nigeria_gold-prod_conflict-and-terror": 0.7966830729996524, "Nigeria_gold-prod_mort": -0.90150252179448, "Senegal_gold-prod_ghi": -0.7542856308305891, "Senegal_gold-prod_hdi": 0.9149464623692015, "Senegal_gold-prod_mort": -0.8521599154049236, "South Africa_gold-prod_ghi": 0.8611667997637871, "South Africa_gold-prod_hdi": -0.5946519462041485, "South Africa_gold-prod_conflict-and-terror": 0.6282252072081294, "South Africa_deforestation_hdi": -0.9083809361473443, "South Africa_deforestation_conflict-and-terror": 0.5214854520530958, "Sudan_gold-prod_hdi": 0.905935760955303, "Sudan_gold-prod_conflict-and-terror": 0.9965010820381609, "Sudan_gold-prod_mort": -0.9342722925923804, "Tanzania_gold-prod_ghi": -0.9072598754378489, "Tanzania_gold-prod_hdi": 0.8360151539104044, "Tanzania_gold-prod_mort": -0.6942020816769895, "Tanzania_deforestation_mort": -0.55192603469877}